State,Percent of Graduates Tested,Average Composite Score,Met English Benchmark (%),Met Reading Benchmark (%),Met Math Benchmark (%),Met Science Benchmark (%)
Alabama,100,19.1,51,34,23,24
Alaska,53,20,55,42,37,31
Arizona,58,20.1,55,39,38,31
Arkansas,96,20.2,60,40,32,30
California,33,22.6,72,55,56,45
Colorado,100,20.6,61,42,39,36
Connecticut,34,24.5,85,68,68,61
Delaware,21,23.6,80,65,61,52
District of Columbia,44,22.2,61,52,47,45
Florida,81,19.9,53,42,33,29
Georgia,60,21.1,65,47,40,36
Hawaii,94,18.7,46,30,30,23
Idaho,39,22.7,77,60,54,46
Illinois,100,20.8,64,42,41,36
Indiana,41,22.3,72,56,53,46
Iowa,68,22.1,73,55,48,46
Kansas,74,21.9,70,53,48,43
Kentucky,100,20,59,40,31,30
Louisiana,100,19.5,58,35,26,27
Maine,10,23.6,81,63,66,54
Maryland,27,23,74,59,57,51
Massachusetts,28,24.8,85,71,74,61
Michigan,100,20.3,60,40,36,35
Minnesota,78,22.7,74,57,58,53
Mississippi,100,18.4,46,27,20,19
Missouri,100,20.2,59,40,35,32
Montana,100,20.3,56,41,38,32
National,64,20.8,61,44,41,36
National,64,20.8,61,44,41,36
Nebraska,88,21.4,68,48,43,40
Nevada,100,17.7,37,26,21,18
New Hampshire,23,24.5,86,69,70,61
New Jersey,32,23.1,75,59,61,50
New Mexico,70,19.9,53,39,31,28
New York,29,23.4,79,65,67,58
North Carolina,100,19.1,47,34,32,26
North Dakota,100,20.3,58,41,38,33
Ohio,73,22,69,53,49,45
Oklahoma,82,20.4,61,45,32,32
Oregon,39,21.7,67,51,49,42
Pennsylvania,23,23.1,77,61,61,52
Rhode Island,29,23.3,79,62,60,52
South Carolina,100,18.5,44,30,25,21
South Dakota,76,21.9,70,54,51,46
Tennessee,100,19.9,58,38,30,30
Texas,46,20.6,57,43,42,35
Utah,100,20.2,59,42,35,33
Vermont,29,23.4,80,62,62,54
Virginia,31,23.3,78,63,59,53
Washington,25,23.1,73,60,61,52
West Virginia,67,20.7,67,46,32,33
Wisconsin,100,20.5,60,41,41,37
Wyoming,100,20.2,58,38,33,31
